dataset,task,rep,fold,method,score,nodes,leaves,depth
car,classification,0,0,unpruned,0.10260115606936417,206,142,6
car,classification,0,0,pruned,0.13728323699421965,110,79,5
car,classification,0,1,unpruned,0.08260869565217391,209,146,6
car,classification,0,1,pruned,0.11304347826086956,110,80,5
car,classification,1,0,unpruned,0.0953757225433526,211,146,6
car,classification,1,0,pruned,0.1069364161849711,125,91,5
car,classification,1,1,unpruned,0.10869565217391304,202,140,6
car,classification,1,1,pruned,0.12753623188405797,101,72,5
car,classification,2,0,unpruned,0.1329479768786127,205,140,6
car,classification,2,0,pruned,0.15895953757225434,112,79,5
car,classification,2,1,unpruned,0.11159420289855072,194,134,6
car,classification,2,1,pruned,0.14057971014492754,90,65,5
car,classification,3,0,unpruned,0.10115606936416185,217,150,6
car,classification,3,0,pruned,0.1430635838150289,105,76,5
car,classification,3,1,unpruned,0.11594202898550725,182,126,6
car,classification,3,1,pruned,0.1289855072463768,101,72,5
car,classification,4,0,unpruned,0.10115606936416185,226,156,6
car,classification,4,0,pruned,0.12716763005780346,117,84,5
car,classification,4,1,unpruned,0.11159420289855072,198,137,6
car,classification,4,1,pruned,0.12608695652173912,99,72,5
breast_cancer,classification,0,0,unpruned,0.07526881720430108,41,21,8
breast_cancer,classification,0,0,pruned,0.05734767025089606,17,9,5
breast_cancer,classification,0,1,unpruned,0.060714285714285714,29,15,7
breast_cancer,classification,0,1,pruned,0.060714285714285714,7,4,2
breast_cancer,classification,1,0,unpruned,0.07885304659498207,35,18,15
breast_cancer,classification,1,0,pruned,0.06093189964157706,9,5,3
breast_cancer,classification,1,1,unpruned,0.08214285714285714,27,14,10
breast_cancer,classification,1,1,pruned,0.06785714285714285,7,4,3
breast_cancer,classification,2,0,unpruned,0.07168458781362007,35,18,10
breast_cancer,classification,2,0,pruned,0.06810035842293907,21,11,6
breast_cancer,classification,2,1,unpruned,0.060714285714285714,33,17,8
breast_cancer,classification,2,1,pruned,0.03571428571428571,15,8,6
breast_cancer,classification,3,0,unpruned,0.053763440860215055,31,16,8
breast_cancer,classification,3,0,pruned,0.035842293906810034,9,5,4
breast_cancer,classification,3,1,unpruned,0.075,31,16,10
breast_cancer,classification,3,1,pruned,0.06785714285714285,7,4,2
breast_cancer,classification,4,0,unpruned,0.06810035842293907,31,16,8
breast_cancer,classification,4,0,pruned,0.06093189964157706,13,7,4
breast_cancer,classification,4,1,unpruned,0.060714285714285714,39,20,9
breast_cancer,classification,4,1,pruned,0.05357142857142857,9,5,3
congressional_votes,classification,0,0,unpruned,0.05172413793103448,23,14,5
congressional_votes,classification,0,0,pruned,0.06321839080459771,14,9,4
congressional_votes,classification,0,1,unpruned,0.05747126436781609,36,21,9
congressional_votes,classification,0,1,pruned,0.034482758620689655,14,9,5
congressional_votes,classification,1,0,unpruned,0.08620689655172414,25,15,5
congressional_votes,classification,1,0,pruned,0.08045977011494253,16,10,4
congressional_votes,classification,1,1,unpruned,0.06896551724137931,31,19,7
congressional_votes,classification,1,1,pruned,0.028735632183908046,14,9,4
congressional_votes,classification,2,0,unpruned,0.05747126436781609,31,19,5
congressional_votes,classification,2,0,pruned,0.06896551724137931,12,8,4
congressional_votes,classification,2,1,unpruned,0.08620689655172414,27,16,7
congressional_votes,classification,2,1,pruned,0.040229885057471264,9,6,3
congressional_votes,classification,3,0,unpruned,0.08620689655172414,21,12,5
congressional_votes,classification,3,0,pruned,0.05747126436781609,11,7,4
congressional_votes,classification,3,1,unpruned,0.09195402298850575,27,17,5
congressional_votes,classification,3,1,pruned,0.06896551724137931,12,8,4
congressional_votes,classification,4,0,unpruned,0.05172413793103448,38,23,5
congressional_votes,classification,4,0,pruned,0.040229885057471264,20,13,5
congressional_votes,classification,4,1,unpruned,0.06321839080459771,20,12,7
congressional_votes,classification,4,1,pruned,0.05747126436781609,13,8,5
abalone,regression,0,0,unpruned,8.639014229669526,1993,1009,21
abalone,regression,0,0,pruned,5.541695191569298,212,109,14
abalone,regression,0,1,unpruned,9.314518917481214,2041,1037,21
abalone,regression,0,1,pruned,6.750936228517755,430,219,18
abalone,regression,1,0,unpruned,9.016972597889087,1961,998,26
abalone,regression,1,0,pruned,5.961046279017128,316,163,15
abalone,regression,1,1,unpruned,9.332436163017574,2018,1027,24
abalone,regression,1,1,pruned,6.031304326032201,249,128,15
abalone,regression,2,0,unpruned,9.369655562204935,1972,996,23
abalone,regression,2,0,pruned,6.293477770143567,339,173,18
abalone,regression,2,1,unpruned,9.509275882704967,2032,1031,22
abalone,regression,2,1,pruned,6.5011891711016405,279,144,15
abalone,regression,3,0,unpruned,9.471386894075405,1985,1007,25
abalone,regression,3,0,pruned,5.890885595127557,259,133,13
abalone,regression,3,1,unpruned,8.987418378881575,1983,1007,24
abalone,regression,3,1,pruned,5.267847516932605,156,80,16
abalone,regression,4,0,unpruned,8.923437497879663,1983,1007,23
abalone,regression,4,0,pruned,6.31443366636759,362,186,19
abalone,regression,4,1,unpruned,9.421177048517393,2008,1020,21
abalone,regression,4,1,pruned,6.273850782527069,362,185,16
machine,regression,0,0,unpruned,3195.8988095238096,149,75,11
machine,regression,0,0,pruned,3057.386756044239,47,24,8
machine,regression,0,1,unpruned,20171.62918340027,153,77,14
machine,regression,0,1,pruned,18928.583023383162,19,10,6
machine,regression,1,0,unpruned,6675.461309523809,153,77,13
machine,regression,1,0,pruned,7119.921430224867,35,18,8
machine,regression,1,1,unpruned,2314.7078313253014,153,77,17
machine,regression,1,1,pruned,3237.1813224667376,51,26,10
machine,regression,2,0,unpruned,3499.3214285714284,149,75,12
machine,regression,2,0,pruned,3766.8060163638547,25,13,8
machine,regression,2,1,unpruned,16898.780120481926,153,77,12
machine,regression,2,1,pruned,16743.81281657194,29,15,6
machine,regression,3,0,unpruned,3800.5036375661375,149,75,15
machine,regression,3,0,pruned,2872.707638355531,45,23,7
machine,regression,3,1,unpruned,3554.4277108433735,153,77,16
machine,regression,3,1,pruned,3493.296505514561,43,22,6
machine,regression,4,0,unpruned,4167.571428571428,153,77,14
machine,regression,4,0,pruned,3892.244603884037,27,14,6
machine,regression,4,1,unpruned,18034.35843373494,145,73,11
machine,regression,4,1,pruned,17477.479965829585,45,23,9
forest_fires,regression,0,0,unpruned,4.224116037562916,252,143,9
forest_fires,regression,0,0,pruned,2.5420905138855545,47,34,6
forest_fires,regression,0,1,unpruned,4.0037631983198505,269,153,11
forest_fires,regression,0,1,pruned,1.8007607540286095,1,1,0
forest_fires,regression,1,0,unpruned,3.9869223585073588,254,150,11
forest_fires,regression,1,0,pruned,2.4329908043945583,55,37,11
forest_fires,regression,1,1,unpruned,4.031531893673076,263,157,9
forest_fires,regression,1,1,pruned,1.7720165643675627,1,1,0
forest_fires,regression,2,0,unpruned,4.167186817082439,251,148,11
forest_fires,regression,2,0,pruned,2.264117262751268,33,22,7
forest_fires,regression,2,1,unpruned,4.513980811590714,264,154,11
forest_fires,regression,2,1,pruned,1.9649213454012027,1,1,0
forest_fires,regression,3,0,unpruned,4.657699060900198,240,140,14
forest_fires,regression,3,0,pruned,1.7241297437624068,1,1,0
forest_fires,regression,3,1,unpruned,4.546231294424734,270,157,9
forest_fires,regression,3,1,pruned,2.6623772683209297,77,49,7
forest_fires,regression,4,0,unpruned,4.794935633437162,247,142,11
forest_fires,regression,4,0,pruned,2.0711862154393814,1,1,0
forest_fires,regression,4,1,unpruned,4.011333248612185,263,150,10
forest_fires,regression,4,1,pruned,2.185999715190669,35,25,5
